,enrollment_id,username,course_id,user,course
389,1124,61ysO1Pg5Q6bsn73gkzoQt72GbhUHgNd,AXUJZGmZ0xaYSWazu8RQ1G5c76ECT1Kd,user0,course4
437,1248,T6EWQ7jVP89JlHzj41KN1gEtGYevpSQM,DPnLzkJJqOOPRJfBxIHbQEERiYHu5ila,user1,course1
628,1758,yZ9FndAKqVsKwZtO1B2JJJblefdbhZ02,AXUJZGmZ0xaYSWazu8RQ1G5c76ECT1Kd,user2,course4
710,1967,viuKt4GgrX0rYL5EpHoxJbsiC9TblSuk,5Gyp41oLVo7Gg7vF4vpmggWP5MU70QO6,user3,course12
766,2109,HAAyQYNYY3ULmqhNC56bxv5FSwyMVoqP,5Gyp41oLVo7Gg7vF4vpmggWP5MU70QO6,user4,course12
1187,3245,Hj4fYYa64lvHLVeQZBqs9EQ1OtgHTvl6,81UZtt1JJwBFYMj5u38WNKCSVA4IJSDv,user5,course0
1575,4395,C6xrhZPOmVH2gCVNP26gSSPka2CcwgB5,SpATywNh6bZuzm8s1ceuBUnMUAeoAHHw,user6,course5
1615,4511,C6xrhZPOmVH2gCVNP26gSSPka2CcwgB5,NmbZ3BmS8V4pMg6oxXHWpqqMZCE1jvYt,user6,course11
1815,5063,M4qxCm572dyAklYyW6rlwVA2xGuuy2h9,AXUJZGmZ0xaYSWazu8RQ1G5c76ECT1Kd,user7,course4
1899,5314,SFbTZDEo0JTOG7VHfxeJz2kz3qSzlHq4,a2E7NQC7nZB7WHEhKGhKnKvUWtsLAQzh,user8,course10
1913,5357,SFbTZDEo0JTOG7VHfxeJz2kz3qSzlHq4,ykoe1cCWK134BJmfbNoPEenJOIWdtQOZ,user8,course6
1993,5595,SFbTZDEo0JTOG7VHfxeJz2kz3qSzlHq4,AXUJZGmZ0xaYSWazu8RQ1G5c76ECT1Kd,user8,course4
2020,5664,GMzSpgZQ6jzVsfHn8W8i83JsYNxnP00b,shM3Yy9vxHn2aqjSYfQXOcwGo0hWh3MI,user9,course7
2096,5855,M4qxCm572dyAklYyW6rlwVA2xGuuy2h9,H2lDW05SyKnwntZ6Fora76aPAEswcMa5,user7,course3
2115,5888,syrttArug8Mpzs9L0IHsvBtATawYF9J2,a2E7NQC7nZB7WHEhKGhKnKvUWtsLAQzh,user10,course10
2173,6071,Hj4fYYa64lvHLVeQZBqs9EQ1OtgHTvl6,ykoe1cCWK134BJmfbNoPEenJOIWdtQOZ,user5,course6
3004,8368,yZ9FndAKqVsKwZtO1B2JJJblefdbhZ02,a2E7NQC7nZB7WHEhKGhKnKvUWtsLAQzh,user2,course10
3047,8506,yZ9FndAKqVsKwZtO1B2JJJblefdbhZ02,V4tXq15GxHo2gaMpaJLZ3IGEkP949IbE,user2,course9
3186,8917,5vUuq5ZeDCNce4LmvH0naoUjpb3qbNOp,SpATywNh6bZuzm8s1ceuBUnMUAeoAHHw,user11,course5
3233,9046,cYibpCaMUGq0WjgUWfTv0iIvJ7QbFj5E,shM3Yy9vxHn2aqjSYfQXOcwGo0hWh3MI,user12,course7
3269,9153,XDPvGyFLLEYwbNEQik2MM4yiADs5rrYJ,V4tXq15GxHo2gaMpaJLZ3IGEkP949IbE,user13,course9
3271,9155,XDPvGyFLLEYwbNEQik2MM4yiADs5rrYJ,a2E7NQC7nZB7WHEhKGhKnKvUWtsLAQzh,user13,course10
3298,9236,8fvsCrC8dcOje6DxrGntnTxmufYXJCrq,shM3Yy9vxHn2aqjSYfQXOcwGo0hWh3MI,user14,course7
3508,9821,61ysO1Pg5Q6bsn73gkzoQt72GbhUHgNd,a2E7NQC7nZB7WHEhKGhKnKvUWtsLAQzh,user0,course10
3581,10022,syrttArug8Mpzs9L0IHsvBtATawYF9J2,H2lDW05SyKnwntZ6Fora76aPAEswcMa5,user10,course3
3584,10041,syrttArug8Mpzs9L0IHsvBtATawYF9J2,NmbZ3BmS8V4pMg6oxXHWpqqMZCE1jvYt,user10,course11
3869,10797,BEEx400Zym1Adj0LXV9O094DcgDYxMgU,H2lDW05SyKnwntZ6Fora76aPAEswcMa5,user15,course3
4014,11193,5vUuq5ZeDCNce4LmvH0naoUjpb3qbNOp,H2lDW05SyKnwntZ6Fora76aPAEswcMa5,user11,course3
4119,11488,g3902agYIRHzac78MKVZlvljLMXXNpQ7,NmbZ3BmS8V4pMg6oxXHWpqqMZCE1jvYt,user16,course11
4188,11665,Oqfkhjg6t51PZcyyCwvjWtQ6bDHYceB1,shM3Yy9vxHn2aqjSYfQXOcwGo0hWh3MI,user17,course7
4189,11666,Oqfkhjg6t51PZcyyCwvjWtQ6bDHYceB1,V4tXq15GxHo2gaMpaJLZ3IGEkP949IbE,user17,course9
4230,11787,Oqfkhjg6t51PZcyyCwvjWtQ6bDHYceB1,a2E7NQC7nZB7WHEhKGhKnKvUWtsLAQzh,user17,course10
4393,12237,nOWqKetxGFQ9o73UNfcoh0XyCt3ITawR,AXUJZGmZ0xaYSWazu8RQ1G5c76ECT1Kd,user18,course4
4430,12325,g3902agYIRHzac78MKVZlvljLMXXNpQ7,H2lDW05SyKnwntZ6Fora76aPAEswcMa5,user16,course3
4431,12326,g3902agYIRHzac78MKVZlvljLMXXNpQ7,V4tXq15GxHo2gaMpaJLZ3IGEkP949IbE,user16,course9
4463,12417,Io5gLr8QOxaBw8nFReloAXOpt3IlZ5WE,a2E7NQC7nZB7WHEhKGhKnKvUWtsLAQzh,user19,course10
4464,12418,Io5gLr8QOxaBw8nFReloAXOpt3IlZ5WE,ykoe1cCWK134BJmfbNoPEenJOIWdtQOZ,user19,course6
4475,12465,Jn3Y3EwJczNHkfzTGUpSSJOFpEETB0cw,H2lDW05SyKnwntZ6Fora76aPAEswcMa5,user20,course3
4476,12467,Jn3Y3EwJczNHkfzTGUpSSJOFpEETB0cw,V4tXq15GxHo2gaMpaJLZ3IGEkP949IbE,user20,course9
4493,12507,Jn3Y3EwJczNHkfzTGUpSSJOFpEETB0cw,AXUJZGmZ0xaYSWazu8RQ1G5c76ECT1Kd,user20,course4
4494,12510,Jn3Y3EwJczNHkfzTGUpSSJOFpEETB0cw,shM3Yy9vxHn2aqjSYfQXOcwGo0hWh3MI,user20,course7
4604,12835,u82lBhpDxJIwlZISEntCxj1zgVFdW0vT,AXUJZGmZ0xaYSWazu8RQ1G5c76ECT1Kd,user21,course4
5051,14140,Bos3zEEnAcYzPXQktMkJJ0ak5mhGWCAf,ykoe1cCWK134BJmfbNoPEenJOIWdtQOZ,user22,course6
5407,15118,Hj4fYYa64lvHLVeQZBqs9EQ1OtgHTvl6,DPnLzkJJqOOPRJfBxIHbQEERiYHu5ila,user5,course1
5585,15632,syrttArug8Mpzs9L0IHsvBtATawYF9J2,DPnLzkJJqOOPRJfBxIHbQEERiYHu5ila,user10,course1
5696,15993,X2XXZYuDF6JxTO2GjiNfzkEyj4FQesn5,DPnLzkJJqOOPRJfBxIHbQEERiYHu5ila,user23,course1
5698,15996,X2XXZYuDF6JxTO2GjiNfzkEyj4FQesn5,AXUJZGmZ0xaYSWazu8RQ1G5c76ECT1Kd,user23,course4
6243,17537,b3FNzt9bW0DYxGtrDwfKBHrmIKO1If8w,DPnLzkJJqOOPRJfBxIHbQEERiYHu5ila,user24,course1
6398,18025,u82lBhpDxJIwlZISEntCxj1zgVFdW0vT,I7Go4XwWgpjRJM8EZGEnBpkfSmBNOlsO,user21,course2
7472,20994,BEEx400Zym1Adj0LXV9O094DcgDYxMgU,81UZtt1JJwBFYMj5u38WNKCSVA4IJSDv,user15,course0
7579,21284,bUizg9a7xaQ9xo39EDPwubco3asipi0e,81UZtt1JJwBFYMj5u38WNKCSVA4IJSDv,user25,course0
7971,22376,OkJ0lKmMXuQ2MGftQ8Isfw1JciMpapRC,5Gyp41oLVo7Gg7vF4vpmggWP5MU70QO6,user26,course12
8046,22582,i0ksX07HnsV5rQlWqOr1uKEuc7yNU24c,5Gyp41oLVo7Gg7vF4vpmggWP5MU70QO6,user27,course12
8328,23319,61ysO1Pg5Q6bsn73gkzoQt72GbhUHgNd,H2lDW05SyKnwntZ6Fora76aPAEswcMa5,user0,course3
8365,23419,C6xrhZPOmVH2gCVNP26gSSPka2CcwgB5,AXUJZGmZ0xaYSWazu8RQ1G5c76ECT1Kd,user6,course4
8489,23773,35E85h2ExBPeTd1VmxNX0GKo8krIMsCP,SpATywNh6bZuzm8s1ceuBUnMUAeoAHHw,user28,course5
8620,24080,H7bZ54NuzkB5Nw5q0ZI1nld9qDoHNngL,H2lDW05SyKnwntZ6Fora76aPAEswcMa5,user29,course3
8716,24360,35E85h2ExBPeTd1VmxNX0GKo8krIMsCP,9Bd26pfDLvkPINwLnpaGcf0LrLUvY1Mz,user28,course8
8727,24404,35E85h2ExBPeTd1VmxNX0GKo8krIMsCP,NmbZ3BmS8V4pMg6oxXHWpqqMZCE1jvYt,user28,course11
10461,29084,5vUuq5ZeDCNce4LmvH0naoUjpb3qbNOp,81UZtt1JJwBFYMj5u38WNKCSVA4IJSDv,user11,course0
11477,32007,Fk4hjEUqgyLHxBlk1cbfR9hWyVsJsJLo,V4tXq15GxHo2gaMpaJLZ3IGEkP949IbE,user30,course9
11606,32371,qKc8EuUOlEzXysFMoXghKaieW3HIaePV,V4tXq15GxHo2gaMpaJLZ3IGEkP949IbE,user31,course9
11709,32628,qKc8EuUOlEzXysFMoXghKaieW3HIaePV,AXUJZGmZ0xaYSWazu8RQ1G5c76ECT1Kd,user31,course4
11721,32661,qKc8EuUOlEzXysFMoXghKaieW3HIaePV,SpATywNh6bZuzm8s1ceuBUnMUAeoAHHw,user31,course5
11779,32804,MF5edVvM6lCZDxnMdHelos9TUh3KERjn,H2lDW05SyKnwntZ6Fora76aPAEswcMa5,user32,course3
11782,32814,MF5edVvM6lCZDxnMdHelos9TUh3KERjn,DPnLzkJJqOOPRJfBxIHbQEERiYHu5ila,user32,course1
12219,34069,8fvsCrC8dcOje6DxrGntnTxmufYXJCrq,I7Go4XwWgpjRJM8EZGEnBpkfSmBNOlsO,user14,course2
12321,34321,g3902agYIRHzac78MKVZlvljLMXXNpQ7,I7Go4XwWgpjRJM8EZGEnBpkfSmBNOlsO,user16,course2
12982,36115,erkNYBqLpKRElyeL8GeAgO43CMazg6Rt,ykoe1cCWK134BJmfbNoPEenJOIWdtQOZ,user33,course6
13046,36280,Fk4hjEUqgyLHxBlk1cbfR9hWyVsJsJLo,ykoe1cCWK134BJmfbNoPEenJOIWdtQOZ,user30,course6
13084,36383,SzqR1lIvSkqy1yQXOqGRgT5uhu7VR5Jw,9Bd26pfDLvkPINwLnpaGcf0LrLUvY1Mz,user34,course8
13092,36408,Bos3zEEnAcYzPXQktMkJJ0ak5mhGWCAf,shM3Yy9vxHn2aqjSYfQXOcwGo0hWh3MI,user22,course7
13120,36502,ZZo2Tb7BH7FdwQXlvGgrs5cVXBfTwRHG,ykoe1cCWK134BJmfbNoPEenJOIWdtQOZ,user35,course6
13141,36575,nOWqKetxGFQ9o73UNfcoh0XyCt3ITawR,9Bd26pfDLvkPINwLnpaGcf0LrLUvY1Mz,user18,course8
13470,37444,XDPvGyFLLEYwbNEQik2MM4yiADs5rrYJ,ykoe1cCWK134BJmfbNoPEenJOIWdtQOZ,user13,course6
13494,37502,OkJ0lKmMXuQ2MGftQ8Isfw1JciMpapRC,I7Go4XwWgpjRJM8EZGEnBpkfSmBNOlsO,user26,course2
13965,38812,T6EWQ7jVP89JlHzj41KN1gEtGYevpSQM,NmbZ3BmS8V4pMg6oxXHWpqqMZCE1jvYt,user1,course11
14269,39624,Fk4hjEUqgyLHxBlk1cbfR9hWyVsJsJLo,NmbZ3BmS8V4pMg6oxXHWpqqMZCE1jvYt,user30,course11
14480,40166,CSh5hGbaSFu2yCb31iVMOVwKocrH471Q,9Bd26pfDLvkPINwLnpaGcf0LrLUvY1Mz,user36,course8
14519,40275,CSh5hGbaSFu2yCb31iVMOVwKocrH471Q,NmbZ3BmS8V4pMg6oxXHWpqqMZCE1jvYt,user36,course11
14564,40393,b3FNzt9bW0DYxGtrDwfKBHrmIKO1If8w,SpATywNh6bZuzm8s1ceuBUnMUAeoAHHw,user24,course5
14598,40484,1Pk7jZ6bfmKYXcNnRyEd7kPSZWAEJN0N,NmbZ3BmS8V4pMg6oxXHWpqqMZCE1jvYt,user37,course11
14599,40489,1Pk7jZ6bfmKYXcNnRyEd7kPSZWAEJN0N,H2lDW05SyKnwntZ6Fora76aPAEswcMa5,user37,course3
14606,40510,1Pk7jZ6bfmKYXcNnRyEd7kPSZWAEJN0N,9Bd26pfDLvkPINwLnpaGcf0LrLUvY1Mz,user37,course8
14678,40724,bUizg9a7xaQ9xo39EDPwubco3asipi0e,H2lDW05SyKnwntZ6Fora76aPAEswcMa5,user25,course3
14687,40753,1Pk7jZ6bfmKYXcNnRyEd7kPSZWAEJN0N,a2E7NQC7nZB7WHEhKGhKnKvUWtsLAQzh,user37,course10
14689,40755,1Pk7jZ6bfmKYXcNnRyEd7kPSZWAEJN0N,SpATywNh6bZuzm8s1ceuBUnMUAeoAHHw,user37,course5
14753,40921,X2XXZYuDF6JxTO2GjiNfzkEyj4FQesn5,H2lDW05SyKnwntZ6Fora76aPAEswcMa5,user23,course3
14901,41380,b3FNzt9bW0DYxGtrDwfKBHrmIKO1If8w,AXUJZGmZ0xaYSWazu8RQ1G5c76ECT1Kd,user24,course4
16069,44552,yZ9FndAKqVsKwZtO1B2JJJblefdbhZ02,9Bd26pfDLvkPINwLnpaGcf0LrLUvY1Mz,user2,course8
16254,45055,LmPOiQGU9K8KbXAhYgpDD175P7sizybX,ykoe1cCWK134BJmfbNoPEenJOIWdtQOZ,user38,course6
16461,45712,bUizg9a7xaQ9xo39EDPwubco3asipi0e,ykoe1cCWK134BJmfbNoPEenJOIWdtQOZ,user25,course6
16522,45870,bUizg9a7xaQ9xo39EDPwubco3asipi0e,9Bd26pfDLvkPINwLnpaGcf0LrLUvY1Mz,user25,course8
16614,46109,g3902agYIRHzac78MKVZlvljLMXXNpQ7,ykoe1cCWK134BJmfbNoPEenJOIWdtQOZ,user16,course6
16661,46247,8uSQsFhnhoJeSVZylwMfyqKR37MO9Qyr,shM3Yy9vxHn2aqjSYfQXOcwGo0hWh3MI,user39,course7
16939,47008,2zQQnqY1LiZ9lcEXTzcE3zimEdKe8CdV,81UZtt1JJwBFYMj5u38WNKCSVA4IJSDv,user40,course0
17099,47444,xM5gii0ns7HaARWl3dxVVAMGACBUSRsK,81UZtt1JJwBFYMj5u38WNKCSVA4IJSDv,user41,course0
17357,48148,2zQQnqY1LiZ9lcEXTzcE3zimEdKe8CdV,SpATywNh6bZuzm8s1ceuBUnMUAeoAHHw,user40,course5
17539,48647,A5P9jrlzLqQKpA3sVBvwbPCf9CAYmtxw,SpATywNh6bZuzm8s1ceuBUnMUAeoAHHw,user42,course5
17572,48713,Hj4fYYa64lvHLVeQZBqs9EQ1OtgHTvl6,H2lDW05SyKnwntZ6Fora76aPAEswcMa5,user5,course3
17906,49685,M4KtR07p6NuW0Nzc9JWKn4kOJ33eMAHm,DPnLzkJJqOOPRJfBxIHbQEERiYHu5ila,user43,course1
17952,49813,M4KtR07p6NuW0Nzc9JWKn4kOJ33eMAHm,AXUJZGmZ0xaYSWazu8RQ1G5c76ECT1Kd,user43,course4
17956,49823,M4KtR07p6NuW0Nzc9JWKn4kOJ33eMAHm,shM3Yy9vxHn2aqjSYfQXOcwGo0hWh3MI,user43,course7
17970,49848,M4KtR07p6NuW0Nzc9JWKn4kOJ33eMAHm,9Bd26pfDLvkPINwLnpaGcf0LrLUvY1Mz,user43,course8
18059,50107,nYSFDE8RCbcZhD46fRSvPHUvA1ahfupi,NmbZ3BmS8V4pMg6oxXHWpqqMZCE1jvYt,user44,course11
18076,50163,nYSFDE8RCbcZhD46fRSvPHUvA1ahfupi,V4tXq15GxHo2gaMpaJLZ3IGEkP949IbE,user44,course9
18542,51473,M8C9BDFICk4ida59GU0jjp556zazDEi1,81UZtt1JJwBFYMj5u38WNKCSVA4IJSDv,user45,course0
19101,53081,qKc8EuUOlEzXysFMoXghKaieW3HIaePV,a2E7NQC7nZB7WHEhKGhKnKvUWtsLAQzh,user31,course10
19200,53375,Wz9l8snB7xy02KowUlwVZlKvIqcEcSjS,SpATywNh6bZuzm8s1ceuBUnMUAeoAHHw,user46,course5
19547,54319,wykDdjB45pC3zZUNNLpkNXDJGEatsGFp,AXUJZGmZ0xaYSWazu8RQ1G5c76ECT1Kd,user47,course4
19569,54364,wykDdjB45pC3zZUNNLpkNXDJGEatsGFp,V4tXq15GxHo2gaMpaJLZ3IGEkP949IbE,user47,course9
19577,54376,wykDdjB45pC3zZUNNLpkNXDJGEatsGFp,shM3Yy9vxHn2aqjSYfQXOcwGo0hWh3MI,user47,course7
19578,54378,wykDdjB45pC3zZUNNLpkNXDJGEatsGFp,SpATywNh6bZuzm8s1ceuBUnMUAeoAHHw,user47,course5
19580,54383,wykDdjB45pC3zZUNNLpkNXDJGEatsGFp,9Bd26pfDLvkPINwLnpaGcf0LrLUvY1Mz,user47,course8
20169,56052,M8C9BDFICk4ida59GU0jjp556zazDEi1,a2E7NQC7nZB7WHEhKGhKnKvUWtsLAQzh,user45,course10
20376,56646,nOWqKetxGFQ9o73UNfcoh0XyCt3ITawR,DPnLzkJJqOOPRJfBxIHbQEERiYHu5ila,user18,course1
20417,56755,OkJ0lKmMXuQ2MGftQ8Isfw1JciMpapRC,NmbZ3BmS8V4pMg6oxXHWpqqMZCE1jvYt,user26,course11
20499,57010,35E85h2ExBPeTd1VmxNX0GKo8krIMsCP,DPnLzkJJqOOPRJfBxIHbQEERiYHu5ila,user28,course1
20577,57216,2zQQnqY1LiZ9lcEXTzcE3zimEdKe8CdV,H2lDW05SyKnwntZ6Fora76aPAEswcMa5,user40,course3
20702,57574,nOWqKetxGFQ9o73UNfcoh0XyCt3ITawR,H2lDW05SyKnwntZ6Fora76aPAEswcMa5,user18,course3
21212,58973,yQ30DktO8KD929ApuNMOdNKTtmTpkfc3,AXUJZGmZ0xaYSWazu8RQ1G5c76ECT1Kd,user48,course4
21214,58979,yQ30DktO8KD929ApuNMOdNKTtmTpkfc3,DPnLzkJJqOOPRJfBxIHbQEERiYHu5ila,user48,course1
21215,58982,yQ30DktO8KD929ApuNMOdNKTtmTpkfc3,H2lDW05SyKnwntZ6Fora76aPAEswcMa5,user48,course3
21217,58986,yQ30DktO8KD929ApuNMOdNKTtmTpkfc3,a2E7NQC7nZB7WHEhKGhKnKvUWtsLAQzh,user48,course10
21218,58988,yQ30DktO8KD929ApuNMOdNKTtmTpkfc3,SpATywNh6bZuzm8s1ceuBUnMUAeoAHHw,user48,course5
21281,59171,EEY05e2oBdca2rsoXfuwyrFxbCmUnL6Y,AXUJZGmZ0xaYSWazu8RQ1G5c76ECT1Kd,user49,course4
21284,59174,EEY05e2oBdca2rsoXfuwyrFxbCmUnL6Y,V4tXq15GxHo2gaMpaJLZ3IGEkP949IbE,user49,course9
21285,59176,EEY05e2oBdca2rsoXfuwyrFxbCmUnL6Y,SpATywNh6bZuzm8s1ceuBUnMUAeoAHHw,user49,course5
21286,59178,EEY05e2oBdca2rsoXfuwyrFxbCmUnL6Y,9Bd26pfDLvkPINwLnpaGcf0LrLUvY1Mz,user49,course8
21294,59197,qKc8EuUOlEzXysFMoXghKaieW3HIaePV,H2lDW05SyKnwntZ6Fora76aPAEswcMa5,user31,course3
21617,60063,OkJ0lKmMXuQ2MGftQ8Isfw1JciMpapRC,AXUJZGmZ0xaYSWazu8RQ1G5c76ECT1Kd,user26,course4
21666,60201,HAAyQYNYY3ULmqhNC56bxv5FSwyMVoqP,DPnLzkJJqOOPRJfBxIHbQEERiYHu5ila,user4,course1
21969,61112,AUQbcN6sP8jOc3r7pDcomR6R8baoxLvG,DPnLzkJJqOOPRJfBxIHbQEERiYHu5ila,user50,course1
22821,63476,2zQQnqY1LiZ9lcEXTzcE3zimEdKe8CdV,V4tXq15GxHo2gaMpaJLZ3IGEkP949IbE,user40,course9
23269,64776,M4qxCm572dyAklYyW6rlwVA2xGuuy2h9,I7Go4XwWgpjRJM8EZGEnBpkfSmBNOlsO,user7,course2
23748,66071,8fvsCrC8dcOje6DxrGntnTxmufYXJCrq,ykoe1cCWK134BJmfbNoPEenJOIWdtQOZ,user14,course6
23751,66081,C6xrhZPOmVH2gCVNP26gSSPka2CcwgB5,shM3Yy9vxHn2aqjSYfQXOcwGo0hWh3MI,user6,course7
23784,66153,erkNYBqLpKRElyeL8GeAgO43CMazg6Rt,shM3Yy9vxHn2aqjSYfQXOcwGo0hWh3MI,user33,course7
24105,67034,yZ9FndAKqVsKwZtO1B2JJJblefdbhZ02,SpATywNh6bZuzm8s1ceuBUnMUAeoAHHw,user2,course5
24371,67796,X2XXZYuDF6JxTO2GjiNfzkEyj4FQesn5,SpATywNh6bZuzm8s1ceuBUnMUAeoAHHw,user23,course5
24464,68063,5vUuq5ZeDCNce4LmvH0naoUjpb3qbNOp,9Bd26pfDLvkPINwLnpaGcf0LrLUvY1Mz,user11,course8
24709,68714,AUQbcN6sP8jOc3r7pDcomR6R8baoxLvG,SpATywNh6bZuzm8s1ceuBUnMUAeoAHHw,user50,course5
24831,69076,cy1UxkAxcqJswFy9Syqm01bsE17PQcla,SpATywNh6bZuzm8s1ceuBUnMUAeoAHHw,user51,course5
25083,69769,Io5gLr8QOxaBw8nFReloAXOpt3IlZ5WE,H2lDW05SyKnwntZ6Fora76aPAEswcMa5,user19,course3
25158,69938,Bos3zEEnAcYzPXQktMkJJ0ak5mhGWCAf,9Bd26pfDLvkPINwLnpaGcf0LrLUvY1Mz,user22,course8
25513,70939,TY4t65XwSRMNK0q3MPTxoH0jDDniCwnz,DPnLzkJJqOOPRJfBxIHbQEERiYHu5ila,user52,course1
25800,71717,p0fw4v0FzqDHoIprXWv2PhAw9MEKisrS,AXUJZGmZ0xaYSWazu8RQ1G5c76ECT1Kd,user53,course4
25839,71827,SzqR1lIvSkqy1yQXOqGRgT5uhu7VR5Jw,DPnLzkJJqOOPRJfBxIHbQEERiYHu5ila,user34,course1
25960,72167,bUizg9a7xaQ9xo39EDPwubco3asipi0e,a2E7NQC7nZB7WHEhKGhKnKvUWtsLAQzh,user25,course10
26035,72370,WI9rk8aS11tBAJzjcX0JSIgomYYRQVjW,SpATywNh6bZuzm8s1ceuBUnMUAeoAHHw,user54,course5
26248,72922,ria1rZm5v1iNiSZkl2at79lKlYWZvHeF,SpATywNh6bZuzm8s1ceuBUnMUAeoAHHw,user55,course5
26249,72924,ria1rZm5v1iNiSZkl2at79lKlYWZvHeF,a2E7NQC7nZB7WHEhKGhKnKvUWtsLAQzh,user55,course10
26317,73111,TOybu3VTl57Gwz61jxLAAYZF2xYkGB5M,a2E7NQC7nZB7WHEhKGhKnKvUWtsLAQzh,user56,course10
26807,74396,M8C9BDFICk4ida59GU0jjp556zazDEi1,DPnLzkJJqOOPRJfBxIHbQEERiYHu5ila,user45,course1
27538,76407,MF5edVvM6lCZDxnMdHelos9TUh3KERjn,81UZtt1JJwBFYMj5u38WNKCSVA4IJSDv,user32,course0
27572,76492,okqN4nBVKRYYrkYonKicKGOmPqVGYjZh,81UZtt1JJwBFYMj5u38WNKCSVA4IJSDv,user57,course0
27692,76861,cYibpCaMUGq0WjgUWfTv0iIvJ7QbFj5E,5Gyp41oLVo7Gg7vF4vpmggWP5MU70QO6,user12,course12
28021,77883,viuKt4GgrX0rYL5EpHoxJbsiC9TblSuk,a2E7NQC7nZB7WHEhKGhKnKvUWtsLAQzh,user3,course10
28024,77892,viuKt4GgrX0rYL5EpHoxJbsiC9TblSuk,NmbZ3BmS8V4pMg6oxXHWpqqMZCE1jvYt,user3,course11
28080,78048,viuKt4GgrX0rYL5EpHoxJbsiC9TblSuk,9Bd26pfDLvkPINwLnpaGcf0LrLUvY1Mz,user3,course8
28247,78520,cYibpCaMUGq0WjgUWfTv0iIvJ7QbFj5E,H2lDW05SyKnwntZ6Fora76aPAEswcMa5,user12,course3
28249,78525,cYibpCaMUGq0WjgUWfTv0iIvJ7QbFj5E,a2E7NQC7nZB7WHEhKGhKnKvUWtsLAQzh,user12,course10
28414,79002,ria1rZm5v1iNiSZkl2at79lKlYWZvHeF,V4tXq15GxHo2gaMpaJLZ3IGEkP949IbE,user55,course9
28572,79475,EEY05e2oBdca2rsoXfuwyrFxbCmUnL6Y,shM3Yy9vxHn2aqjSYfQXOcwGo0hWh3MI,user49,course7
28765,80012,T6EWQ7jVP89JlHzj41KN1gEtGYevpSQM,a2E7NQC7nZB7WHEhKGhKnKvUWtsLAQzh,user1,course10
28874,80298,TY4t65XwSRMNK0q3MPTxoH0jDDniCwnz,SpATywNh6bZuzm8s1ceuBUnMUAeoAHHw,user52,course5
28875,80302,TY4t65XwSRMNK0q3MPTxoH0jDDniCwnz,V4tXq15GxHo2gaMpaJLZ3IGEkP949IbE,user52,course9
28876,80304,TY4t65XwSRMNK0q3MPTxoH0jDDniCwnz,H2lDW05SyKnwntZ6Fora76aPAEswcMa5,user52,course3
28877,80308,TY4t65XwSRMNK0q3MPTxoH0jDDniCwnz,AXUJZGmZ0xaYSWazu8RQ1G5c76ECT1Kd,user52,course4
29577,82164,u82lBhpDxJIwlZISEntCxj1zgVFdW0vT,81UZtt1JJwBFYMj5u38WNKCSVA4IJSDv,user21,course0
29666,82403,viuKt4GgrX0rYL5EpHoxJbsiC9TblSuk,DPnLzkJJqOOPRJfBxIHbQEERiYHu5ila,user3,course1
29878,83004,Hj4fYYa64lvHLVeQZBqs9EQ1OtgHTvl6,V4tXq15GxHo2gaMpaJLZ3IGEkP949IbE,user5,course9
30103,83648,u82lBhpDxJIwlZISEntCxj1zgVFdW0vT,DPnLzkJJqOOPRJfBxIHbQEERiYHu5ila,user21,course1
30462,84677,BEEx400Zym1Adj0LXV9O094DcgDYxMgU,AXUJZGmZ0xaYSWazu8RQ1G5c76ECT1Kd,user15,course4
30565,84974,syrttArug8Mpzs9L0IHsvBtATawYF9J2,ykoe1cCWK134BJmfbNoPEenJOIWdtQOZ,user10,course6
30570,84993,61ysO1Pg5Q6bsn73gkzoQt72GbhUHgNd,shM3Yy9vxHn2aqjSYfQXOcwGo0hWh3MI,user0,course7
30601,85086,TOybu3VTl57Gwz61jxLAAYZF2xYkGB5M,V4tXq15GxHo2gaMpaJLZ3IGEkP949IbE,user56,course9
30887,85938,nOWqKetxGFQ9o73UNfcoh0XyCt3ITawR,I7Go4XwWgpjRJM8EZGEnBpkfSmBNOlsO,user18,course2
30938,86088,bUizg9a7xaQ9xo39EDPwubco3asipi0e,I7Go4XwWgpjRJM8EZGEnBpkfSmBNOlsO,user25,course2
31263,86962,M4KtR07p6NuW0Nzc9JWKn4kOJ33eMAHm,H2lDW05SyKnwntZ6Fora76aPAEswcMa5,user43,course3
32091,89199,g3902agYIRHzac78MKVZlvljLMXXNpQ7,shM3Yy9vxHn2aqjSYfQXOcwGo0hWh3MI,user16,course7
32280,89736,bRDMid9iRGcartTY4OAKAdQRbX2j8Y86,SpATywNh6bZuzm8s1ceuBUnMUAeoAHHw,user58,course5
32282,89740,bRDMid9iRGcartTY4OAKAdQRbX2j8Y86,shM3Yy9vxHn2aqjSYfQXOcwGo0hWh3MI,user58,course7
32288,89758,bRDMid9iRGcartTY4OAKAdQRbX2j8Y86,NmbZ3BmS8V4pMg6oxXHWpqqMZCE1jvYt,user58,course11
32295,89778,bRDMid9iRGcartTY4OAKAdQRbX2j8Y86,ykoe1cCWK134BJmfbNoPEenJOIWdtQOZ,user58,course6
32338,89893,HAAyQYNYY3ULmqhNC56bxv5FSwyMVoqP,SpATywNh6bZuzm8s1ceuBUnMUAeoAHHw,user4,course5
32341,89898,MrptC6k13DRD7ZeJDHvlsVV8mT19fxZF,ykoe1cCWK134BJmfbNoPEenJOIWdtQOZ,user59,course6
32500,90386,u82lBhpDxJIwlZISEntCxj1zgVFdW0vT,NmbZ3BmS8V4pMg6oxXHWpqqMZCE1jvYt,user21,course11
32955,91566,X2XXZYuDF6JxTO2GjiNfzkEyj4FQesn5,ykoe1cCWK134BJmfbNoPEenJOIWdtQOZ,user23,course6
33470,92949,erkNYBqLpKRElyeL8GeAgO43CMazg6Rt,a2E7NQC7nZB7WHEhKGhKnKvUWtsLAQzh,user33,course10
33476,92964,erkNYBqLpKRElyeL8GeAgO43CMazg6Rt,H2lDW05SyKnwntZ6Fora76aPAEswcMa5,user33,course3
33478,92966,erkNYBqLpKRElyeL8GeAgO43CMazg6Rt,V4tXq15GxHo2gaMpaJLZ3IGEkP949IbE,user33,course9
33792,93868,mSs5bB1Rxg3xYWjWjJY9pVTt7WAiMgyu,NmbZ3BmS8V4pMg6oxXHWpqqMZCE1jvYt,user60,course11
33958,94305,M8C9BDFICk4ida59GU0jjp556zazDEi1,9Bd26pfDLvkPINwLnpaGcf0LrLUvY1Mz,user45,course8
34174,94954,OkJ0lKmMXuQ2MGftQ8Isfw1JciMpapRC,ykoe1cCWK134BJmfbNoPEenJOIWdtQOZ,user26,course6
34391,95570,nYSFDE8RCbcZhD46fRSvPHUvA1ahfupi,SpATywNh6bZuzm8s1ceuBUnMUAeoAHHw,user44,course5
34395,95582,nYSFDE8RCbcZhD46fRSvPHUvA1ahfupi,a2E7NQC7nZB7WHEhKGhKnKvUWtsLAQzh,user44,course10
34864,96845,M8C9BDFICk4ida59GU0jjp556zazDEi1,NmbZ3BmS8V4pMg6oxXHWpqqMZCE1jvYt,user45,course11
34983,97200,XDPvGyFLLEYwbNEQik2MM4yiADs5rrYJ,H2lDW05SyKnwntZ6Fora76aPAEswcMa5,user13,course3
35284,98001,xM5gii0ns7HaARWl3dxVVAMGACBUSRsK,I7Go4XwWgpjRJM8EZGEnBpkfSmBNOlsO,user41,course2
35337,98137,A5P9jrlzLqQKpA3sVBvwbPCf9CAYmtxw,I7Go4XwWgpjRJM8EZGEnBpkfSmBNOlsO,user42,course2
35722,99197,cKCzrCCCXe9nkBgWepq9AEXje7SITRTz,9Bd26pfDLvkPINwLnpaGcf0LrLUvY1Mz,user61,course8
35753,99286,xM5gii0ns7HaARWl3dxVVAMGACBUSRsK,H2lDW05SyKnwntZ6Fora76aPAEswcMa5,user41,course3
35875,99628,2zQQnqY1LiZ9lcEXTzcE3zimEdKe8CdV,ykoe1cCWK134BJmfbNoPEenJOIWdtQOZ,user40,course6
36688,101861,CSh5hGbaSFu2yCb31iVMOVwKocrH471Q,81UZtt1JJwBFYMj5u38WNKCSVA4IJSDv,user36,course0
36788,102132,sL5jw3pLWZoRI7avI17oM60mfF67Acgz,81UZtt1JJwBFYMj5u38WNKCSVA4IJSDv,user62,course0
37199,103288,eEUIScknc9SimnLuPMm5Vf07ulWcWd92,AXUJZGmZ0xaYSWazu8RQ1G5c76ECT1Kd,user63,course4
37200,103289,eEUIScknc9SimnLuPMm5Vf07ulWcWd92,NmbZ3BmS8V4pMg6oxXHWpqqMZCE1jvYt,user63,course11
37210,103311,eEUIScknc9SimnLuPMm5Vf07ulWcWd92,DPnLzkJJqOOPRJfBxIHbQEERiYHu5ila,user63,course1
37211,103312,eEUIScknc9SimnLuPMm5Vf07ulWcWd92,shM3Yy9vxHn2aqjSYfQXOcwGo0hWh3MI,user63,course7
37216,103322,eEUIScknc9SimnLuPMm5Vf07ulWcWd92,9Bd26pfDLvkPINwLnpaGcf0LrLUvY1Mz,user63,course8
37248,103399,p0fw4v0FzqDHoIprXWv2PhAw9MEKisrS,a2E7NQC7nZB7WHEhKGhKnKvUWtsLAQzh,user53,course10
37565,104371,g3902agYIRHzac78MKVZlvljLMXXNpQ7,a2E7NQC7nZB7WHEhKGhKnKvUWtsLAQzh,user16,course10
37590,104431,Fk4hjEUqgyLHxBlk1cbfR9hWyVsJsJLo,H2lDW05SyKnwntZ6Fora76aPAEswcMa5,user30,course3
37673,104648,61ysO1Pg5Q6bsn73gkzoQt72GbhUHgNd,ykoe1cCWK134BJmfbNoPEenJOIWdtQOZ,user0,course6
37723,104787,SFbTZDEo0JTOG7VHfxeJz2kz3qSzlHq4,V4tXq15GxHo2gaMpaJLZ3IGEkP949IbE,user8,course9
38196,106138,nYSFDE8RCbcZhD46fRSvPHUvA1ahfupi,ykoe1cCWK134BJmfbNoPEenJOIWdtQOZ,user44,course6
38199,106144,nYSFDE8RCbcZhD46fRSvPHUvA1ahfupi,shM3Yy9vxHn2aqjSYfQXOcwGo0hWh3MI,user44,course7
38221,106216,xM5gii0ns7HaARWl3dxVVAMGACBUSRsK,ykoe1cCWK134BJmfbNoPEenJOIWdtQOZ,user41,course6
38620,107306,ZZo2Tb7BH7FdwQXlvGgrs5cVXBfTwRHG,I7Go4XwWgpjRJM8EZGEnBpkfSmBNOlsO,user35,course2
38894,108046,OkJ0lKmMXuQ2MGftQ8Isfw1JciMpapRC,H2lDW05SyKnwntZ6Fora76aPAEswcMa5,user26,course3
39087,108546,C6xrhZPOmVH2gCVNP26gSSPka2CcwgB5,H2lDW05SyKnwntZ6Fora76aPAEswcMa5,user6,course3
39157,108745,MrptC6k13DRD7ZeJDHvlsVV8mT19fxZF,a2E7NQC7nZB7WHEhKGhKnKvUWtsLAQzh,user59,course10
39376,109331,b3FNzt9bW0DYxGtrDwfKBHrmIKO1If8w,a2E7NQC7nZB7WHEhKGhKnKvUWtsLAQzh,user24,course10
39378,109340,b3FNzt9bW0DYxGtrDwfKBHrmIKO1If8w,H2lDW05SyKnwntZ6Fora76aPAEswcMa5,user24,course3
39386,109365,MrptC6k13DRD7ZeJDHvlsVV8mT19fxZF,V4tXq15GxHo2gaMpaJLZ3IGEkP949IbE,user59,course9
39455,109579,MF5edVvM6lCZDxnMdHelos9TUh3KERjn,NmbZ3BmS8V4pMg6oxXHWpqqMZCE1jvYt,user32,course11
40491,112587,8fvsCrC8dcOje6DxrGntnTxmufYXJCrq,5Gyp41oLVo7Gg7vF4vpmggWP5MU70QO6,user14,course12
40634,112968,M4qxCm572dyAklYyW6rlwVA2xGuuy2h9,81UZtt1JJwBFYMj5u38WNKCSVA4IJSDv,user7,course0
40992,113943,mSs5bB1Rxg3xYWjWjJY9pVTt7WAiMgyu,DPnLzkJJqOOPRJfBxIHbQEERiYHu5ila,user60,course1
41036,114058,okqN4nBVKRYYrkYonKicKGOmPqVGYjZh,AXUJZGmZ0xaYSWazu8RQ1G5c76ECT1Kd,user57,course4
41111,114254,PLKaanKvHCtHMqtCskLE9sVgrYP9vmXy,AXUJZGmZ0xaYSWazu8RQ1G5c76ECT1Kd,user64,course4
41261,114699,p0fw4v0FzqDHoIprXWv2PhAw9MEKisrS,ykoe1cCWK134BJmfbNoPEenJOIWdtQOZ,user53,course6
41339,114927,mSs5bB1Rxg3xYWjWjJY9pVTt7WAiMgyu,shM3Yy9vxHn2aqjSYfQXOcwGo0hWh3MI,user60,course7
41357,114972,g3902agYIRHzac78MKVZlvljLMXXNpQ7,9Bd26pfDLvkPINwLnpaGcf0LrLUvY1Mz,user16,course8
41378,115031,c6XaDpje2iQSWpoXkTtf00BW6tACh6Q9,ykoe1cCWK134BJmfbNoPEenJOIWdtQOZ,user65,course6
41382,115037,ZQcWT47pZxjNboL0V0inwxjvImMCbKfc,ykoe1cCWK134BJmfbNoPEenJOIWdtQOZ,user66,course6
41395,115063,Xl8Tem8G8sPah3KAWnbWgv7GNqLZqPFw,shM3Yy9vxHn2aqjSYfQXOcwGo0hWh3MI,user67,course7
41396,115066,Xl8Tem8G8sPah3KAWnbWgv7GNqLZqPFw,ykoe1cCWK134BJmfbNoPEenJOIWdtQOZ,user67,course6
41415,115120,LmPOiQGU9K8KbXAhYgpDD175P7sizybX,shM3Yy9vxHn2aqjSYfQXOcwGo0hWh3MI,user38,course7
41425,115144,Xl8Tem8G8sPah3KAWnbWgv7GNqLZqPFw,I7Go4XwWgpjRJM8EZGEnBpkfSmBNOlsO,user67,course2
41457,115232,okqN4nBVKRYYrkYonKicKGOmPqVGYjZh,I7Go4XwWgpjRJM8EZGEnBpkfSmBNOlsO,user57,course2
41979,116705,bRDMid9iRGcartTY4OAKAdQRbX2j8Y86,81UZtt1JJwBFYMj5u38WNKCSVA4IJSDv,user58,course0
42073,116955,6HmdNYWkOfKPcsSkwkqnh7uY2Gqe1cX7,81UZtt1JJwBFYMj5u38WNKCSVA4IJSDv,user68,course0
42213,117326,ria1rZm5v1iNiSZkl2at79lKlYWZvHeF,81UZtt1JJwBFYMj5u38WNKCSVA4IJSDv,user55,course0
42430,117894,Bos3zEEnAcYzPXQktMkJJ0ak5mhGWCAf,a2E7NQC7nZB7WHEhKGhKnKvUWtsLAQzh,user22,course10
42544,118202,8uSQsFhnhoJeSVZylwMfyqKR37MO9Qyr,AXUJZGmZ0xaYSWazu8RQ1G5c76ECT1Kd,user39,course4
42550,118217,SzqR1lIvSkqy1yQXOqGRgT5uhu7VR5Jw,H2lDW05SyKnwntZ6Fora76aPAEswcMa5,user34,course3
42558,118231,SzqR1lIvSkqy1yQXOqGRgT5uhu7VR5Jw,ykoe1cCWK134BJmfbNoPEenJOIWdtQOZ,user34,course6
42648,118473,ZZo2Tb7BH7FdwQXlvGgrs5cVXBfTwRHG,V4tXq15GxHo2gaMpaJLZ3IGEkP949IbE,user35,course9
42725,118676,CSh5hGbaSFu2yCb31iVMOVwKocrH471Q,shM3Yy9vxHn2aqjSYfQXOcwGo0hWh3MI,user36,course7
42769,118819,0V5MOLVbNHPDqvl0FcmJbw01XdVgQMJF,shM3Yy9vxHn2aqjSYfQXOcwGo0hWh3MI,user69,course7
42953,119366,okqN4nBVKRYYrkYonKicKGOmPqVGYjZh,9Bd26pfDLvkPINwLnpaGcf0LrLUvY1Mz,user57,course8
43010,119520,ZQcWT47pZxjNboL0V0inwxjvImMCbKfc,SpATywNh6bZuzm8s1ceuBUnMUAeoAHHw,user66,course5
43139,119857,GMzSpgZQ6jzVsfHn8W8i83JsYNxnP00b,9Bd26pfDLvkPINwLnpaGcf0LrLUvY1Mz,user9,course8
43211,120055,okqN4nBVKRYYrkYonKicKGOmPqVGYjZh,shM3Yy9vxHn2aqjSYfQXOcwGo0hWh3MI,user57,course7
43237,120113,c6XaDpje2iQSWpoXkTtf00BW6tACh6Q9,a2E7NQC7nZB7WHEhKGhKnKvUWtsLAQzh,user65,course10
43241,120122,c6XaDpje2iQSWpoXkTtf00BW6tACh6Q9,H2lDW05SyKnwntZ6Fora76aPAEswcMa5,user65,course3
43243,120126,c6XaDpje2iQSWpoXkTtf00BW6tACh6Q9,SpATywNh6bZuzm8s1ceuBUnMUAeoAHHw,user65,course5
43313,120292,GMzSpgZQ6jzVsfHn8W8i83JsYNxnP00b,a2E7NQC7nZB7WHEhKGhKnKvUWtsLAQzh,user9,course10
43418,120587,T6EWQ7jVP89JlHzj41KN1gEtGYevpSQM,ykoe1cCWK134BJmfbNoPEenJOIWdtQOZ,user1,course6
43469,120714,c6XaDpje2iQSWpoXkTtf00BW6tACh6Q9,V4tXq15GxHo2gaMpaJLZ3IGEkP949IbE,user65,course9
43564,120961,i0ksX07HnsV5rQlWqOr1uKEuc7yNU24c,AXUJZGmZ0xaYSWazu8RQ1G5c76ECT1Kd,user27,course4
43591,121053,npZiJYBXIvuULdTyVSfZOjhsnEdX6i82,SpATywNh6bZuzm8s1ceuBUnMUAeoAHHw,user70,course5
43635,121149,MF5edVvM6lCZDxnMdHelos9TUh3KERjn,AXUJZGmZ0xaYSWazu8RQ1G5c76ECT1Kd,user32,course4
43641,121162,npZiJYBXIvuULdTyVSfZOjhsnEdX6i82,AXUJZGmZ0xaYSWazu8RQ1G5c76ECT1Kd,user70,course4
43674,121240,0V5MOLVbNHPDqvl0FcmJbw01XdVgQMJF,a2E7NQC7nZB7WHEhKGhKnKvUWtsLAQzh,user69,course10
43675,121241,Wz9l8snB7xy02KowUlwVZlKvIqcEcSjS,AXUJZGmZ0xaYSWazu8RQ1G5c76ECT1Kd,user46,course4
43681,121256,Wz9l8snB7xy02KowUlwVZlKvIqcEcSjS,H2lDW05SyKnwntZ6Fora76aPAEswcMa5,user46,course3
43682,121258,Wz9l8snB7xy02KowUlwVZlKvIqcEcSjS,V4tXq15GxHo2gaMpaJLZ3IGEkP949IbE,user46,course9
43684,121262,Wz9l8snB7xy02KowUlwVZlKvIqcEcSjS,ykoe1cCWK134BJmfbNoPEenJOIWdtQOZ,user46,course6
43819,121632,0V5MOLVbNHPDqvl0FcmJbw01XdVgQMJF,V4tXq15GxHo2gaMpaJLZ3IGEkP949IbE,user69,course9
44726,124177,GMzSpgZQ6jzVsfHn8W8i83JsYNxnP00b,ykoe1cCWK134BJmfbNoPEenJOIWdtQOZ,user9,course6
44775,124307,6HmdNYWkOfKPcsSkwkqnh7uY2Gqe1cX7,ykoe1cCWK134BJmfbNoPEenJOIWdtQOZ,user68,course6
44846,124530,Oqfkhjg6t51PZcyyCwvjWtQ6bDHYceB1,ykoe1cCWK134BJmfbNoPEenJOIWdtQOZ,user17,course6
44961,124856,BEEx400Zym1Adj0LXV9O094DcgDYxMgU,DPnLzkJJqOOPRJfBxIHbQEERiYHu5ila,user15,course1
45921,127469,erkNYBqLpKRElyeL8GeAgO43CMazg6Rt,I7Go4XwWgpjRJM8EZGEnBpkfSmBNOlsO,user33,course2
46892,130234,npZiJYBXIvuULdTyVSfZOjhsnEdX6i82,DPnLzkJJqOOPRJfBxIHbQEERiYHu5ila,user70,course1
46897,130245,cy1UxkAxcqJswFy9Syqm01bsE17PQcla,DPnLzkJJqOOPRJfBxIHbQEERiYHu5ila,user51,course1
46984,130469,Oqfkhjg6t51PZcyyCwvjWtQ6bDHYceB1,81UZtt1JJwBFYMj5u38WNKCSVA4IJSDv,user17,course0
47139,130903,WI9rk8aS11tBAJzjcX0JSIgomYYRQVjW,5Gyp41oLVo7Gg7vF4vpmggWP5MU70QO6,user54,course12
47412,131683,CSh5hGbaSFu2yCb31iVMOVwKocrH471Q,5Gyp41oLVo7Gg7vF4vpmggWP5MU70QO6,user36,course12
48809,135707,npZiJYBXIvuULdTyVSfZOjhsnEdX6i82,V4tXq15GxHo2gaMpaJLZ3IGEkP949IbE,user70,course9
48810,135708,npZiJYBXIvuULdTyVSfZOjhsnEdX6i82,a2E7NQC7nZB7WHEhKGhKnKvUWtsLAQzh,user70,course10
49011,136257,8uSQsFhnhoJeSVZylwMfyqKR37MO9Qyr,SpATywNh6bZuzm8s1ceuBUnMUAeoAHHw,user39,course5
49971,139001,PLKaanKvHCtHMqtCskLE9sVgrYP9vmXy,SpATywNh6bZuzm8s1ceuBUnMUAeoAHHw,user64,course5
50017,139116,PLKaanKvHCtHMqtCskLE9sVgrYP9vmXy,H2lDW05SyKnwntZ6Fora76aPAEswcMa5,user64,course3
50168,139481,xM5gii0ns7HaARWl3dxVVAMGACBUSRsK,DPnLzkJJqOOPRJfBxIHbQEERiYHu5ila,user41,course1
50362,140098,H7bZ54NuzkB5Nw5q0ZI1nld9qDoHNngL,DPnLzkJJqOOPRJfBxIHbQEERiYHu5ila,user29,course1
50672,140943,nOWqKetxGFQ9o73UNfcoh0XyCt3ITawR,ykoe1cCWK134BJmfbNoPEenJOIWdtQOZ,user18,course6
50770,141233,H7bZ54NuzkB5Nw5q0ZI1nld9qDoHNngL,9Bd26pfDLvkPINwLnpaGcf0LrLUvY1Mz,user29,course8
50824,141362,cKCzrCCCXe9nkBgWepq9AEXje7SITRTz,ykoe1cCWK134BJmfbNoPEenJOIWdtQOZ,user61,course6
50998,141818,0V5MOLVbNHPDqvl0FcmJbw01XdVgQMJF,ykoe1cCWK134BJmfbNoPEenJOIWdtQOZ,user69,course6
51309,142699,XDPvGyFLLEYwbNEQik2MM4yiADs5rrYJ,5Gyp41oLVo7Gg7vF4vpmggWP5MU70QO6,user13,course12
51353,142795,M8C9BDFICk4ida59GU0jjp556zazDEi1,5Gyp41oLVo7Gg7vF4vpmggWP5MU70QO6,user45,course12
51384,142879,p0fw4v0FzqDHoIprXWv2PhAw9MEKisrS,5Gyp41oLVo7Gg7vF4vpmggWP5MU70QO6,user53,course12
51622,143550,T6EWQ7jVP89JlHzj41KN1gEtGYevpSQM,5Gyp41oLVo7Gg7vF4vpmggWP5MU70QO6,user1,course12
51707,143784,mSs5bB1Rxg3xYWjWjJY9pVTt7WAiMgyu,ykoe1cCWK134BJmfbNoPEenJOIWdtQOZ,user60,course6
51857,144174,ZQcWT47pZxjNboL0V0inwxjvImMCbKfc,H2lDW05SyKnwntZ6Fora76aPAEswcMa5,user66,course3
52055,144743,WI9rk8aS11tBAJzjcX0JSIgomYYRQVjW,H2lDW05SyKnwntZ6Fora76aPAEswcMa5,user54,course3
52058,144754,WI9rk8aS11tBAJzjcX0JSIgomYYRQVjW,a2E7NQC7nZB7WHEhKGhKnKvUWtsLAQzh,user54,course10
52390,145643,cy1UxkAxcqJswFy9Syqm01bsE17PQcla,AXUJZGmZ0xaYSWazu8RQ1G5c76ECT1Kd,user51,course4
52434,145758,H7bZ54NuzkB5Nw5q0ZI1nld9qDoHNngL,AXUJZGmZ0xaYSWazu8RQ1G5c76ECT1Kd,user29,course4
52910,147098,sL5jw3pLWZoRI7avI17oM60mfF67Acgz,shM3Yy9vxHn2aqjSYfQXOcwGo0hWh3MI,user62,course7
52912,147101,sL5jw3pLWZoRI7avI17oM60mfF67Acgz,ykoe1cCWK134BJmfbNoPEenJOIWdtQOZ,user62,course6
53532,148869,6HmdNYWkOfKPcsSkwkqnh7uY2Gqe1cX7,DPnLzkJJqOOPRJfBxIHbQEERiYHu5ila,user68,course1
53533,148870,GMzSpgZQ6jzVsfHn8W8i83JsYNxnP00b,AXUJZGmZ0xaYSWazu8RQ1G5c76ECT1Kd,user9,course4
55321,153824,LmPOiQGU9K8KbXAhYgpDD175P7sizybX,9Bd26pfDLvkPINwLnpaGcf0LrLUvY1Mz,user38,course8
55504,154393,sL5jw3pLWZoRI7avI17oM60mfF67Acgz,NmbZ3BmS8V4pMg6oxXHWpqqMZCE1jvYt,user62,course11
55506,154402,sL5jw3pLWZoRI7avI17oM60mfF67Acgz,a2E7NQC7nZB7WHEhKGhKnKvUWtsLAQzh,user62,course10
55580,154595,ZZo2Tb7BH7FdwQXlvGgrs5cVXBfTwRHG,DPnLzkJJqOOPRJfBxIHbQEERiYHu5ila,user35,course1
56075,155986,BEEx400Zym1Adj0LXV9O094DcgDYxMgU,NmbZ3BmS8V4pMg6oxXHWpqqMZCE1jvYt,user15,course11
56174,156226,H7bZ54NuzkB5Nw5q0ZI1nld9qDoHNngL,V4tXq15GxHo2gaMpaJLZ3IGEkP949IbE,user29,course9
56291,156527,5vUuq5ZeDCNce4LmvH0naoUjpb3qbNOp,a2E7NQC7nZB7WHEhKGhKnKvUWtsLAQzh,user11,course10
56295,156537,A5P9jrlzLqQKpA3sVBvwbPCf9CAYmtxw,DPnLzkJJqOOPRJfBxIHbQEERiYHu5ila,user42,course1
57343,159307,nYSFDE8RCbcZhD46fRSvPHUvA1ahfupi,5Gyp41oLVo7Gg7vF4vpmggWP5MU70QO6,user44,course12
57583,159946,M4qxCm572dyAklYyW6rlwVA2xGuuy2h9,5Gyp41oLVo7Gg7vF4vpmggWP5MU70QO6,user7,course12
58260,161785,okqN4nBVKRYYrkYonKicKGOmPqVGYjZh,V4tXq15GxHo2gaMpaJLZ3IGEkP949IbE,user57,course9
58615,162834,A5P9jrlzLqQKpA3sVBvwbPCf9CAYmtxw,81UZtt1JJwBFYMj5u38WNKCSVA4IJSDv,user42,course0
58694,163044,WI9rk8aS11tBAJzjcX0JSIgomYYRQVjW,ykoe1cCWK134BJmfbNoPEenJOIWdtQOZ,user54,course6
58699,163052,AUQbcN6sP8jOc3r7pDcomR6R8baoxLvG,ykoe1cCWK134BJmfbNoPEenJOIWdtQOZ,user50,course6
58945,163742,p0fw4v0FzqDHoIprXWv2PhAw9MEKisrS,SpATywNh6bZuzm8s1ceuBUnMUAeoAHHw,user53,course5
59013,163947,M8C9BDFICk4ida59GU0jjp556zazDEi1,shM3Yy9vxHn2aqjSYfQXOcwGo0hWh3MI,user45,course7
59051,164066,AUQbcN6sP8jOc3r7pDcomR6R8baoxLvG,shM3Yy9vxHn2aqjSYfQXOcwGo0hWh3MI,user50,course7
59187,164442,PLKaanKvHCtHMqtCskLE9sVgrYP9vmXy,ykoe1cCWK134BJmfbNoPEenJOIWdtQOZ,user64,course6
59228,164562,WI9rk8aS11tBAJzjcX0JSIgomYYRQVjW,shM3Yy9vxHn2aqjSYfQXOcwGo0hWh3MI,user54,course7
59512,165282,ZQcWT47pZxjNboL0V0inwxjvImMCbKfc,NmbZ3BmS8V4pMg6oxXHWpqqMZCE1jvYt,user66,course11
60006,166646,CSh5hGbaSFu2yCb31iVMOVwKocrH471Q,DPnLzkJJqOOPRJfBxIHbQEERiYHu5ila,user36,course1
60041,166758,8uSQsFhnhoJeSVZylwMfyqKR37MO9Qyr,H2lDW05SyKnwntZ6Fora76aPAEswcMa5,user39,course3
60042,166761,8uSQsFhnhoJeSVZylwMfyqKR37MO9Qyr,V4tXq15GxHo2gaMpaJLZ3IGEkP949IbE,user39,course9
60086,166872,cy1UxkAxcqJswFy9Syqm01bsE17PQcla,9Bd26pfDLvkPINwLnpaGcf0LrLUvY1Mz,user51,course8
60413,167765,i0ksX07HnsV5rQlWqOr1uKEuc7yNU24c,DPnLzkJJqOOPRJfBxIHbQEERiYHu5ila,user27,course1
60426,167794,Fk4hjEUqgyLHxBlk1cbfR9hWyVsJsJLo,shM3Yy9vxHn2aqjSYfQXOcwGo0hWh3MI,user30,course7
61769,171340,GMzSpgZQ6jzVsfHn8W8i83JsYNxnP00b,5Gyp41oLVo7Gg7vF4vpmggWP5MU70QO6,user9,course12
61872,171623,mSs5bB1Rxg3xYWjWjJY9pVTt7WAiMgyu,81UZtt1JJwBFYMj5u38WNKCSVA4IJSDv,user60,course0
61940,171799,8fvsCrC8dcOje6DxrGntnTxmufYXJCrq,81UZtt1JJwBFYMj5u38WNKCSVA4IJSDv,user14,course0
62012,172010,ZZo2Tb7BH7FdwQXlvGgrs5cVXBfTwRHG,81UZtt1JJwBFYMj5u38WNKCSVA4IJSDv,user35,course0
62341,172918,ria1rZm5v1iNiSZkl2at79lKlYWZvHeF,shM3Yy9vxHn2aqjSYfQXOcwGo0hWh3MI,user55,course7
62478,173300,WI9rk8aS11tBAJzjcX0JSIgomYYRQVjW,NmbZ3BmS8V4pMg6oxXHWpqqMZCE1jvYt,user54,course11
62512,173387,cy1UxkAxcqJswFy9Syqm01bsE17PQcla,ykoe1cCWK134BJmfbNoPEenJOIWdtQOZ,user51,course6
62795,174197,M4qxCm572dyAklYyW6rlwVA2xGuuy2h9,V4tXq15GxHo2gaMpaJLZ3IGEkP949IbE,user7,course9
62810,174243,AUQbcN6sP8jOc3r7pDcomR6R8baoxLvG,a2E7NQC7nZB7WHEhKGhKnKvUWtsLAQzh,user50,course10
62895,174489,0V5MOLVbNHPDqvl0FcmJbw01XdVgQMJF,AXUJZGmZ0xaYSWazu8RQ1G5c76ECT1Kd,user69,course4
62939,174638,Bos3zEEnAcYzPXQktMkJJ0ak5mhGWCAf,V4tXq15GxHo2gaMpaJLZ3IGEkP949IbE,user22,course9
62964,174711,Bos3zEEnAcYzPXQktMkJJ0ak5mhGWCAf,H2lDW05SyKnwntZ6Fora76aPAEswcMa5,user22,course3
63109,175107,cKCzrCCCXe9nkBgWepq9AEXje7SITRTz,V4tXq15GxHo2gaMpaJLZ3IGEkP949IbE,user61,course9
63110,175108,cKCzrCCCXe9nkBgWepq9AEXje7SITRTz,a2E7NQC7nZB7WHEhKGhKnKvUWtsLAQzh,user61,course10
63111,175109,cKCzrCCCXe9nkBgWepq9AEXje7SITRTz,SpATywNh6bZuzm8s1ceuBUnMUAeoAHHw,user61,course5
63839,177131,TOybu3VTl57Gwz61jxLAAYZF2xYkGB5M,DPnLzkJJqOOPRJfBxIHbQEERiYHu5ila,user56,course1
64081,177831,TOybu3VTl57Gwz61jxLAAYZF2xYkGB5M,AXUJZGmZ0xaYSWazu8RQ1G5c76ECT1Kd,user56,course4
64233,178256,MrptC6k13DRD7ZeJDHvlsVV8mT19fxZF,I7Go4XwWgpjRJM8EZGEnBpkfSmBNOlsO,user59,course2
64391,178701,PLKaanKvHCtHMqtCskLE9sVgrYP9vmXy,I7Go4XwWgpjRJM8EZGEnBpkfSmBNOlsO,user64,course2
64616,179301,HAAyQYNYY3ULmqhNC56bxv5FSwyMVoqP,AXUJZGmZ0xaYSWazu8RQ1G5c76ECT1Kd,user4,course4
64764,179690,SFbTZDEo0JTOG7VHfxeJz2kz3qSzlHq4,H2lDW05SyKnwntZ6Fora76aPAEswcMa5,user8,course3
65083,180547,cYibpCaMUGq0WjgUWfTv0iIvJ7QbFj5E,81UZtt1JJwBFYMj5u38WNKCSVA4IJSDv,user12,course0
65150,180758,Xl8Tem8G8sPah3KAWnbWgv7GNqLZqPFw,5Gyp41oLVo7Gg7vF4vpmggWP5MU70QO6,user67,course12
65154,180767,TOybu3VTl57Gwz61jxLAAYZF2xYkGB5M,81UZtt1JJwBFYMj5u38WNKCSVA4IJSDv,user56,course0
66069,183369,p0fw4v0FzqDHoIprXWv2PhAw9MEKisrS,NmbZ3BmS8V4pMg6oxXHWpqqMZCE1jvYt,user53,course11
66282,183942,T6EWQ7jVP89JlHzj41KN1gEtGYevpSQM,shM3Yy9vxHn2aqjSYfQXOcwGo0hWh3MI,user1,course7
67013,185949,LmPOiQGU9K8KbXAhYgpDD175P7sizybX,V4tXq15GxHo2gaMpaJLZ3IGEkP949IbE,user38,course9
67069,186081,HAAyQYNYY3ULmqhNC56bxv5FSwyMVoqP,ykoe1cCWK134BJmfbNoPEenJOIWdtQOZ,user4,course6
67094,186153,Xl8Tem8G8sPah3KAWnbWgv7GNqLZqPFw,a2E7NQC7nZB7WHEhKGhKnKvUWtsLAQzh,user67,course10
67120,186237,6HmdNYWkOfKPcsSkwkqnh7uY2Gqe1cX7,H2lDW05SyKnwntZ6Fora76aPAEswcMa5,user68,course3
67124,186244,6HmdNYWkOfKPcsSkwkqnh7uY2Gqe1cX7,a2E7NQC7nZB7WHEhKGhKnKvUWtsLAQzh,user68,course10
67137,186287,SzqR1lIvSkqy1yQXOqGRgT5uhu7VR5Jw,NmbZ3BmS8V4pMg6oxXHWpqqMZCE1jvYt,user34,course11
67193,186418,Xl8Tem8G8sPah3KAWnbWgv7GNqLZqPFw,V4tXq15GxHo2gaMpaJLZ3IGEkP949IbE,user67,course9
67779,188107,MrptC6k13DRD7ZeJDHvlsVV8mT19fxZF,AXUJZGmZ0xaYSWazu8RQ1G5c76ECT1Kd,user59,course4
67964,188636,Jn3Y3EwJczNHkfzTGUpSSJOFpEETB0cw,9Bd26pfDLvkPINwLnpaGcf0LrLUvY1Mz,user20,course8
68296,189640,Io5gLr8QOxaBw8nFReloAXOpt3IlZ5WE,AXUJZGmZ0xaYSWazu8RQ1G5c76ECT1Kd,user19,course4
69171,192069,LmPOiQGU9K8KbXAhYgpDD175P7sizybX,H2lDW05SyKnwntZ6Fora76aPAEswcMa5,user38,course3
69368,192599,i0ksX07HnsV5rQlWqOr1uKEuc7yNU24c,ykoe1cCWK134BJmfbNoPEenJOIWdtQOZ,user27,course6
69551,193114,ria1rZm5v1iNiSZkl2at79lKlYWZvHeF,9Bd26pfDLvkPINwLnpaGcf0LrLUvY1Mz,user55,course8
69601,193287,Oqfkhjg6t51PZcyyCwvjWtQ6bDHYceB1,9Bd26pfDLvkPINwLnpaGcf0LrLUvY1Mz,user17,course8
70108,194712,A5P9jrlzLqQKpA3sVBvwbPCf9CAYmtxw,H2lDW05SyKnwntZ6Fora76aPAEswcMa5,user42,course3
70244,195121,ZQcWT47pZxjNboL0V0inwxjvImMCbKfc,shM3Yy9vxHn2aqjSYfQXOcwGo0hWh3MI,user66,course7
70245,195122,ZQcWT47pZxjNboL0V0inwxjvImMCbKfc,9Bd26pfDLvkPINwLnpaGcf0LrLUvY1Mz,user66,course8
70700,196337,bRDMid9iRGcartTY4OAKAdQRbX2j8Y86,V4tXq15GxHo2gaMpaJLZ3IGEkP949IbE,user58,course9
70709,196358,Io5gLr8QOxaBw8nFReloAXOpt3IlZ5WE,V4tXq15GxHo2gaMpaJLZ3IGEkP949IbE,user19,course9
70710,196359,Io5gLr8QOxaBw8nFReloAXOpt3IlZ5WE,DPnLzkJJqOOPRJfBxIHbQEERiYHu5ila,user19,course1
70767,196524,8uSQsFhnhoJeSVZylwMfyqKR37MO9Qyr,9Bd26pfDLvkPINwLnpaGcf0LrLUvY1Mz,user39,course8
71512,198499,H7bZ54NuzkB5Nw5q0ZI1nld9qDoHNngL,a2E7NQC7nZB7WHEhKGhKnKvUWtsLAQzh,user29,course10
71550,198624,35E85h2ExBPeTd1VmxNX0GKo8krIMsCP,V4tXq15GxHo2gaMpaJLZ3IGEkP949IbE,user28,course9
71933,199630,i0ksX07HnsV5rQlWqOr1uKEuc7yNU24c,81UZtt1JJwBFYMj5u38WNKCSVA4IJSDv,user27,course0
